{
  "title": "[TTYD] Loading Zone Randomizer",
  "author": "CaXaP",
  "category": "game",
  "version": "0.2",
  "url": "https://gamebanana.com/mods/587002",
  "license": "GPLv2",
  "description": "This is a room randomizer mod that randomizes each room you enter.",
  "details": "Good-old Loading Zone Randomizer similar to the one for the original TTYD. It randomizes the room when you switch rooms. And does nothing else. Special rooms like Mario and Luigi's house, title screen, ending and others don't get randomized to prevent softlocks.",
  "changelog": "UPDATE v0.2:\n• Now you can hold R when switching rooms to not randomize them.\n• More glitchy rooms excluded"
}